username,Domain,crawl_type,author_signature,join_date,lastactive,totalposts,FetchTime,groups,reputation,credits,awards,rank,activetime,contactinfo,reference_url
cyberbob,forum.exetools.com,catchup,,1091298600,1538954400, 91,1541828412000,VIP,118,,,,"[ { ""year"": ""2018"",""month"": ""10"", ""dayofweek"": ""7"", ""hour"": ""23"", ""count"": "" 91"" }]",,https://forum.exetools.com/member.php?u=15334
giv,forum.exetools.com,catchup,,1293820200,1404420420," 1,645",1541828425000,VIP,279,,,,"[ { ""year"": ""2014"",""month"": ""7"", ""dayofweek"": ""3"", ""hour"": ""20"", ""count"": "" 1,645"" }]",,https://forum.exetools.com/member.php?u=35594
aldente,forum.exetools.com,keepup,,1056997800,1381030800, 260,1541828410000,VIP,7,,,,"[ { ""year"": ""2013"",""month"": ""10"", ""dayofweek"": ""6"", ""hour"": ""3"", ""count"": "" 260"" }]",,https://forum.exetools.com/member.php?u=9082
chessgod101,forum.exetools.com,catchup,,1293820200,1338149220, 472,1541828414000,Co-Administrator,663,,,,"[ { ""year"": ""2012"",""month"": ""5"", ""dayofweek"": ""27"", ""hour"": ""20"", ""count"": "" 472"" }]",,https://forum.exetools.com/member.php?u=35596
CodeCracker,forum.exetools.com,catchup,"Attached Files
					
					
	
	BcelEditor.zip (493.8 KB, 64 views)",1306866600,1404569400, 183,1541828412000,Family,191,,,,"[ { ""year"": ""2014"",""month"": ""7"", ""dayofweek"": ""5"", ""hour"": ""14"", ""count"": "" 183"" }]",,https://forum.exetools.com/member.php?u=35959
uranus64,forum.exetools.com,keepup,,1298917800,1380877560, 268,1541828410000,VIP,458,,,,"[ { ""year"": ""2013"",""month"": ""10"", ""dayofweek"": ""4"", ""hour"": ""9"", ""count"": "" 268"" }]",,https://forum.exetools.com/member.php?u=35864
deepzero,forum.exetools.com,catchup,,1267381800,1374400200, 188,1541828419000,VIP,60,,,,"[ { ""year"": ""2013"",""month"": ""7"", ""dayofweek"": ""21"", ""hour"": ""9"", ""count"": "" 188"" }]",,https://forum.exetools.com/member.php?u=35166
evlncrn8,forum.exetools.com,keepup,,1125513000,1381092840, 156,1541828410000,VIP,54,,,,"[ { ""year"": ""2013"",""month"": ""10"", ""dayofweek"": ""6"", ""hour"": ""20"", ""count"": "" 156"" }]",,https://forum.exetools.com/member.php?u=21628
mr.exodia,forum.exetools.com,catchup,"
				x64dbg: http://x64dbg.com
My Blog: http://mrexodia.cf",1320085800,1469025540, 845,1541828431000,Super Moderator,154,,,,"[ { ""year"": ""2016"",""month"": ""7"", ""dayofweek"": ""20"", ""hour"": ""14"", ""count"": "" 845"" }]",,https://forum.exetools.com/member.php?u=36082
ZeNiX,forum.exetools.com,catchup,,1233426600,1524466080, 699,1541828437000,Administrator,769,,,,"[ { ""year"": ""2018"",""month"": ""4"", ""dayofweek"": ""23"", ""hour"": ""6"", ""count"": "" 699"" }]",,https://forum.exetools.com/member.php?u=34503
CfF2002,forum.exetools.com,keepup,,0,1381569300, n/a,1541828410000,,,,,,"[ { ""year"": ""2013"",""month"": ""10"", ""dayofweek"": ""12"", ""hour"": ""9"", ""count"": "" n/a"" }]",,
eychei,forum.exetools.com,keepup,,1519842600,1536145200, 42,1541828411000,Friend,0,,,,"[ { ""year"": ""2018"",""month"": ""9"", ""dayofweek"": ""5"", ""hour"": ""11"", ""count"": "" 42"" }]",,https://forum.exetools.com/member.php?u=37462
chants,forum.exetools.com,catchup,,1467311400,1526030700, 196,1541828437000,Friend,9,,,,"[ { ""year"": ""2018"",""month"": ""5"", ""dayofweek"": ""11"", ""hour"": ""9"", ""count"": "" 196"" }]",,https://forum.exetools.com/member.php?u=37168
Megin,forum.exetools.com,catchup,,1530383400,1535553780, 22,1541828412000,Friend,4,,,,"[ { ""year"": ""2018"",""month"": ""8"", ""dayofweek"": ""29"", ""hour"": ""14"", ""count"": "" 22"" }]",,https://forum.exetools.com/member.php?u=37529
TechLord,forum.exetools.com,keepup,,1109615400,1529180580, 681,1541828411000,Reverse Engineer,243,,,,"[ { ""year"": ""2018"",""month"": ""6"", ""dayofweek"": ""16"", ""hour"": ""20"", ""count"": "" 681"" }]",,https://forum.exetools.com/member.php?u=20571
rcer,forum.exetools.com,catchup,,1228069800,1536097260, 122,1541828412000,Friend,7,,,,"[ { ""year"": ""2018"",""month"": ""9"", ""dayofweek"": ""4"", ""hour"": ""21"", ""count"": "" 122"" }]",,https://forum.exetools.com/member.php?u=33275
user1,forum.exetools.com,keepup,,1346437800,1535753640, 648,1541828411000,Family,107,,,,"[ { ""year"": ""2018"",""month"": ""8"", ""dayofweek"": ""31"", ""hour"": ""22"", ""count"": "" 648"" }]",,https://forum.exetools.com/member.php?u=36245
ahmadmansoor,forum.exetools.com,catchup,"
				Ur Best Friend Ahmadmansoor  Cool 
Always My Best Friend: Aaron & JMI & ZeNiX",1138732200,1392061980, 967,1541828423000,Exetools Team Manager,342,,,,"[ { ""year"": ""2014"",""month"": ""2"", ""dayofweek"": ""10"", ""hour"": ""19"", ""count"": "" 967"" }]",,https://forum.exetools.com/member.php?u=27160
eAGLe_eYe,forum.exetools.com,keepup,,1343759400,1535840940, 98,1541828411000,Family,54,,,,"[ { ""year"": ""2018"",""month"": ""9"", ""dayofweek"": ""1"", ""hour"": ""22"", ""count"": "" 98"" }]",,https://forum.exetools.com/member.php?u=36235
ChupaChu,forum.exetools.com,keepup,,1196447400,1289605920, 38,1541828411000,Friend,0,,,,"[ { ""year"": ""2010"",""month"": ""11"", ""dayofweek"": ""12"", ""hour"": ""23"", ""count"": "" 38"" }]",,https://forum.exetools.com/member.php?u=32432
besoeso,forum.exetools.com,catchup,,1272652200,1341250860, 141,1541828412000,Family,100,,,,"[ { ""year"": ""2012"",""month"": ""7"", ""dayofweek"": ""2"", ""hour"": ""17"", ""count"": "" 141"" }]",,https://forum.exetools.com/member.php?u=35219
2late,forum.exetools.com,keepup,,1067625000,1289108340, 44,1541828411000,Friend,6,,,,"[ { ""year"": ""2010"",""month"": ""11"", ""dayofweek"": ""7"", ""hour"": ""5"", ""count"": "" 44"" }]",,https://forum.exetools.com/member.php?u=11383
NeOXOeN,forum.exetools.com,keepup,,1104517800,1289237100, 272,1541828411000,Friend,0,,,,"[ { ""year"": ""2010"",""month"": ""11"", ""dayofweek"": ""8"", ""hour"": ""17"", ""count"": "" 272"" }]",,https://forum.exetools.com/member.php?u=19405
romero,forum.exetools.com,keepup,"Attached Files
					
					
	
	Cracking Java byte-code encryption.pdf (86.6 KB, 167 views)

	
	Cracking String Encryption in Java Obfuscated Bytecode.pdf (113.0 KB, 142 views)",1283279400,1289436360, 39,1541828411000,Friend,24,,,,"[ { ""year"": ""2010"",""month"": ""11"", ""dayofweek"": ""11"", ""hour"": ""0"", ""count"": "" 39"" }]",,https://forum.exetools.com/member.php?u=35528
nuemga2000,forum.exetools.com,keepup,,1009823400,1289482020, 49,1541828411000,Friend,2,,,,"[ { ""year"": ""2010"",""month"": ""11"", ""dayofweek"": ""11"", ""hour"": ""13"", ""count"": "" 49"" }]",,https://forum.exetools.com/member.php?u=63
tonyweb,forum.exetools.com,keepup,,1230748200,1294694700, 123,1541828411000,Family,86,,,,"[ { ""year"": ""2011"",""month"": ""1"", ""dayofweek"": ""10"", ""hour"": ""21"", ""count"": "" 123"" }]",,https://forum.exetools.com/member.php?u=33461
hobgoblin,forum.exetools.com,keepup,,1009823400,1295815860, 123,1541828411000,Friend,0,,,,"[ { ""year"": ""2011"",""month"": ""1"", ""dayofweek"": ""23"", ""hour"": ""20"", ""count"": "" 123"" }]",,https://forum.exetools.com/member.php?u=418
cw2k,forum.exetools.com,keepup,,0,1309178760, n/a,1541828411000,,,,,,"[ { ""year"": ""2011"",""month"": ""6"", ""dayofweek"": ""27"", ""hour"": ""12"", ""count"": "" n/a"" }]",,
sendersu,forum.exetools.com,catchup,,1285871400,1508787300, 813,1541828415000,VIP,216,,,,"[ { ""year"": ""2017"",""month"": ""10"", ""dayofweek"": ""23"", ""hour"": ""19"", ""count"": "" 813"" }]",,https://forum.exetools.com/member.php?u=35548
jacalhu,forum.exetools.com,keepup,,1312137000,1314679800, 16,1541828411000,Friend,4,,,,"[ { ""year"": ""2011"",""month"": ""8"", ""dayofweek"": ""30"", ""hour"": ""4"", ""count"": "" 16"" }]",,https://forum.exetools.com/member.php?u=36003
leader,forum.exetools.com,keepup,,1506796200,1526325120, 9,1541828411000,Friend,0,,,,"[ { ""year"": ""2018"",""month"": ""5"", ""dayofweek"": ""14"", ""hour"": ""19"", ""count"": "" 9"" }]",,https://forum.exetools.com/member.php?u=37348
g0em0n,forum.exetools.com,keepup,,1464719400,1526337420, 7,1541828411000,Friend,0,,,,"[ { ""year"": ""2018"",""month"": ""5"", ""dayofweek"": ""14"", ""hour"": ""22"", ""count"": "" 7"" }]",,https://forum.exetools.com/member.php?u=37136
Krnflex,forum.exetools.com,keepup,,1527791400,1528585080, 1,1541828411000,Friend,0,,,,"[ { ""year"": ""2018"",""month"": ""6"", ""dayofweek"": ""9"", ""hour"": ""22"", ""count"": "" 1"" }]",,https://forum.exetools.com/member.php?u=37521
Sky,forum.exetools.com,keepup,,1091298600,1528727940, 61,1541828411000,Friend,3,,,,"[ { ""year"": ""2018"",""month"": ""6"", ""dayofweek"": ""11"", ""hour"": ""14"", ""count"": "" 61"" }]",,https://forum.exetools.com/member.php?u=16105
an0rma1,forum.exetools.com,keepup,,1012501800,1528799820, 184,1541828411000,Friend,25,,,,"[ { ""year"": ""2018"",""month"": ""6"", ""dayofweek"": ""12"", ""hour"": ""10"", ""count"": "" 184"" }]",,https://forum.exetools.com/member.php?u=1612
LaDidi,forum.exetools.com,keepup,,1091298600,1529175780, 170,1541828411000,VIP,11,,,,"[ { ""year"": ""2018"",""month"": ""6"", ""dayofweek"": ""16"", ""hour"": ""19"", ""count"": "" 170"" }]",,https://forum.exetools.com/member.php?u=15639
typedef,forum.exetools.com,catchup,,0,1349958780, n/a,1541828415000,,,,,,"[ { ""year"": ""2012"",""month"": ""10"", ""dayofweek"": ""11"", ""hour"": ""12"", ""count"": "" n/a"" }]",,
MarcElBichon,forum.exetools.com,catchup,,1009823400,1534340460, 199,1541828412000,VIP,154,,,,"[ { ""year"": ""2018"",""month"": ""8"", ""dayofweek"": ""15"", ""hour"": ""13"", ""count"": "" 199"" }]",,https://forum.exetools.com/member.php?u=371
jvoisin,forum.exetools.com,catchup,,1406831400,1408562400, 8,1541828428000,Friend,5,,,,"[ { ""year"": ""2014"",""month"": ""8"", ""dayofweek"": ""20"", ""hour"": ""19"", ""count"": "" 8"" }]",,https://forum.exetools.com/member.php?u=36712
maktm,forum.exetools.com,catchup,,1427826600,1429284660, 23,1541828411000,Friend,4,,,,"[ { ""year"": ""2015"",""month"": ""4"", ""dayofweek"": ""17"", ""hour"": ""15"", ""count"": "" 23"" }]",,https://forum.exetools.com/member.php?u=36796
redbull,forum.exetools.com,catchup,,1078079400,1430142420, 160,1541828411000,Friend,5,,,,"[ { ""year"": ""2015"",""month"": ""4"", ""dayofweek"": ""27"", ""hour"": ""13"", ""count"": "" 160"" }]",,https://forum.exetools.com/member.php?u=14090
metalinux,forum.exetools.com,keepup,,1325356200,1326912540, 20,1541828412000,Friend,0,,,,"[ { ""year"": ""2012"",""month"": ""1"", ""dayofweek"": ""18"", ""hour"": ""18"", ""count"": "" 20"" }]",,https://forum.exetools.com/member.php?u=36114
sojourner353,forum.exetools.com,catchup,,0,1339387260, n/a,1541828414000,,,,,,"[ { ""year"": ""2012"",""month"": ""6"", ""dayofweek"": ""11"", ""hour"": ""4"", ""count"": "" n/a"" }]",,
dave_omirora,forum.exetools.com,keepup,,1164911400,1326951300, 163,1541828412000,VIP,68,,,,"[ { ""year"": ""2012"",""month"": ""1"", ""dayofweek"": ""19"", ""hour"": ""5"", ""count"": "" 163"" }]",,https://forum.exetools.com/member.php?u=31210
souze_villy,forum.exetools.com,keepup,,0,1326974280, n/a,1541828412000,,,,,,"[ { ""year"": ""2012"",""month"": ""1"", ""dayofweek"": ""19"", ""hour"": ""11"", ""count"": "" n/a"" }]",,
Deathway,forum.exetools.com,keepup,,1230748200,1327001340, 41,1541828412000,Lo*eXeTools*rd,155,,,,"[ { ""year"": ""2012"",""month"": ""1"", ""dayofweek"": ""19"", ""hour"": ""19"", ""count"": "" 41"" }]",,https://forum.exetools.com/member.php?u=33563
stantheguy,forum.exetools.com,catchup,,1330540200,1376511360, 15,1541828419000,Friend,3,,,,"[ { ""year"": ""2013"",""month"": ""8"", ""dayofweek"": ""14"", ""hour"": ""20"", ""count"": "" 15"" }]",,https://forum.exetools.com/member.php?u=36139
Li_,forum.exetools.com,keepup,,0,1333239000, n/a,1541828412000,,,,,,"[ { ""year"": ""2012"",""month"": ""4"", ""dayofweek"": ""1"", ""hour"": ""0"", ""count"": "" n/a"" }]",,
dre009,forum.exetools.com,keepup,,0,1333255380, n/a,1541828412000,,,,,,"[ { ""year"": ""2012"",""month"": ""4"", ""dayofweek"": ""1"", ""hour"": ""4"", ""count"": "" n/a"" }]",,
JMI,forum.exetools.com,catchup,"
				JMI",1009823400,1334745720," 1,627",1541828413000,Leader,199,,,,"[ { ""year"": ""2012"",""month"": ""4"", ""dayofweek"": ""18"", ""hour"": ""10"", ""count"": "" 1,627"" }]",,https://forum.exetools.com/member.php?u=152
unn4m3D_BR,forum.exetools.com,keepup,,1330540200,1333299840, 9,1541828412000,Friend,0,,,,"[ { ""year"": ""2012"",""month"": ""4"", ""dayofweek"": ""1"", ""hour"": ""17"", ""count"": "" 9"" }]",,https://forum.exetools.com/member.php?u=36148
Nacho_dj,forum.exetools.com,keepup,"
				http://arteam.accessroot.com",1109615400,1333299300, 188,1541828412000,Lo*eXeTools*rd,169,,,,"[ { ""year"": ""2012"",""month"": ""4"", ""dayofweek"": ""1"", ""hour"": ""16"", ""count"": "" 188"" }]",,https://forum.exetools.com/member.php?u=20580
souz,forum.exetools.com,catchup,,1104517800,1536049800, 99,1541828412000,Friend,15,,,,"[ { ""year"": ""2018"",""month"": ""9"", ""dayofweek"": ""4"", ""hour"": ""8"", ""count"": "" 99"" }]",,https://forum.exetools.com/member.php?u=19706
kangalooj,forum.exetools.com,catchup,,1343759400,1541782440, 71,1541828412000,Family,98,,,,"[ { ""year"": ""2018"",""month"": ""11"", ""dayofweek"": ""9"", ""hour"": ""16"", ""count"": "" 71"" }]",,https://forum.exetools.com/member.php?u=36238
p4r4d0x,forum.exetools.com,catchup,,1341081000,1341492240, 72,1541828414000,Friend,20,,,,"[ { ""year"": ""2012"",""month"": ""7"", ""dayofweek"": ""5"", ""hour"": ""12"", ""count"": "" 72"" }]",,https://forum.exetools.com/member.php?u=36216
Abdelhamid,forum.exetools.com,catchup,,1533061800,1535418720, 22,1541828412000,Friend,2,,,,"[ { ""year"": ""2018"",""month"": ""8"", ""dayofweek"": ""28"", ""hour"": ""1"", ""count"": "" 22"" }]",,https://forum.exetools.com/member.php?u=37566
remal,forum.exetools.com,catchup,,0,1334096580, n/a,1541828412000,,,,,,"[ { ""year"": ""2012"",""month"": ""4"", ""dayofweek"": ""10"", ""hour"": ""22"", ""count"": "" n/a"" }]",,
Mkz,forum.exetools.com,catchup,,1009823400,1334698440, 98,1541828412000,Friend,2,,,,"[ { ""year"": ""2012"",""month"": ""4"", ""dayofweek"": ""17"", ""hour"": ""21"", ""count"": "" 98"" }]",,https://forum.exetools.com/member.php?u=943
marrom79,forum.exetools.com,catchup,,1335810600,1427275140, 36,1541828414000,Friend,9,,,,"[ { ""year"": ""2015"",""month"": ""3"", ""dayofweek"": ""25"", ""hour"": ""9"", ""count"": "" 36"" }]",,https://forum.exetools.com/member.php?u=36196
wassim_,forum.exetools.com,catchup,,1036089000,1339979880, 98,1541828412000,Friend,,,,,"[ { ""year"": ""2012"",""month"": ""6"", ""dayofweek"": ""18"", ""hour"": ""0"", ""count"": "" 98"" }]",,https://forum.exetools.com/member.php?u=6041
Bunshee,forum.exetools.com,catchup,,0,1371946080, n/a,1541828412000,,,,,,"[ { ""year"": ""2013"",""month"": ""6"", ""dayofweek"": ""23"", ""hour"": ""0"", ""count"": "" n/a"" }]",,
ballad88,forum.exetools.com,catchup,,0,1373285220, n/a,1541828412000,,,,,,"[ { ""year"": ""2013"",""month"": ""7"", ""dayofweek"": ""8"", ""hour"": ""12"", ""count"": "" n/a"" }]",,
0xd0000,forum.exetools.com,catchup,,1383244200,1386582000, 40,1541828420000,Family,36,,,,"[ { ""year"": ""2013"",""month"": ""12"", ""dayofweek"": ""9"", ""hour"": ""9"", ""count"": "" 40"" }]",,https://forum.exetools.com/member.php?u=36541
wilson bibe,forum.exetools.com,catchup,,1351708200,1519762800, 416,1541828415000,VIP,437,,,,"[ { ""year"": ""2018"",""month"": ""2"", ""dayofweek"": ""27"", ""hour"": ""20"", ""count"": "" 416"" }]",,https://forum.exetools.com/member.php?u=36286
CRC32,forum.exetools.com,catchup,,1412101800,1413304440, 9,1541828412000,Friend,0,,,,"[ { ""year"": ""2014"",""month"": ""10"", ""dayofweek"": ""14"", ""hour"": ""16"", ""count"": "" 9"" }]",,https://forum.exetools.com/member.php?u=36739
blue_devil,forum.exetools.com,catchup,,1322677800,1538437140, 23,1541828412000,Friend,15,,,,"[ { ""year"": ""2018"",""month"": ""10"", ""dayofweek"": ""1"", ""hour"": ""23"", ""count"": "" 23"" }]",,https://forum.exetools.com/member.php?u=36103
partyman,forum.exetools.com,catchup,,0,1334739240, n/a,1541828413000,,,,,,"[ { ""year"": ""2012"",""month"": ""4"", ""dayofweek"": ""18"", ""hour"": ""8"", ""count"": "" n/a"" }]",,
yogi_saw,forum.exetools.com,catchup,,1277922600,1334680980, 173,1541828413000,Family,52,,,,"[ { ""year"": ""2012"",""month"": ""4"", ""dayofweek"": ""17"", ""hour"": ""16"", ""count"": "" 173"" }]",,https://forum.exetools.com/member.php?u=35491
tigo,forum.exetools.com,catchup,,0,1334886180, n/a,1541828413000,,,,,,"[ { ""year"": ""2012"",""month"": ""4"", ""dayofweek"": ""20"", ""hour"": ""1"", ""count"": "" n/a"" }]",,
genuineintel,forum.exetools.com,catchup,,1304188200,1335274320, 57,1541828413000,Family,43,,,,"[ { ""year"": ""2012"",""month"": ""4"", ""dayofweek"": ""24"", ""hour"": ""13"", ""count"": "" 57"" }]",,https://forum.exetools.com/member.php?u=35931
g-max,forum.exetools.com,catchup,,0,1441843500, n/a,1541828430000,,,,,,"[ { ""year"": ""2015"",""month"": ""9"", ""dayofweek"": ""10"", ""hour"": ""0"", ""count"": "" n/a"" }]",,
willburn,forum.exetools.com,catchup,,0,1381341180, n/a,1541828420000,,,,,,"[ { ""year"": ""2013"",""month"": ""10"", ""dayofweek"": ""9"", ""hour"": ""17"", ""count"": "" n/a"" }]",,
benney,forum.exetools.com,catchup,,1257013800,1336559820, 41,1541828413000,Friend,11,,,,"[ { ""year"": ""2012"",""month"": ""5"", ""dayofweek"": ""9"", ""hour"": ""10"", ""count"": "" 41"" }]",,https://forum.exetools.com/member.php?u=34946
Ben,forum.exetools.com,catchup,,0,1336903740, n/a,1541828413000,,,,,,"[ { ""year"": ""2012"",""month"": ""5"", ""dayofweek"": ""13"", ""hour"": ""10"", ""count"": "" n/a"" }]",,
JCB,forum.exetools.com,catchup,,1125513000,1338000720, 14,1541828413000,Friend,0,,,,"[ { ""year"": ""2012"",""month"": ""5"", ""dayofweek"": ""26"", ""hour"": ""2"", ""count"": "" 14"" }]",,https://forum.exetools.com/member.php?u=21796
Bit_Hacker,forum.exetools.com,catchup,,0,1338085200, n/a,1541828413000,,,,,,"[ { ""year"": ""2012"",""month"": ""5"", ""dayofweek"": ""27"", ""hour"": ""2"", ""count"": "" n/a"" }]",,
Ericky,forum.exetools.com,catchup,,0,1418306400, n/a,1541828429000,,,,,,"[ { ""year"": ""2014"",""month"": ""12"", ""dayofweek"": ""11"", ""hour"": ""14"", ""count"": "" n/a"" }]",,
SmilingWolf,forum.exetools.com,catchup,,1417372200,1417549320, 37,1541828429000,Family,94,,,,"[ { ""year"": ""2014"",""month"": ""12"", ""dayofweek"": ""2"", ""hour"": ""19"", ""count"": "" 37"" }]",,https://forum.exetools.com/member.php?u=36767
reversing_solo,forum.exetools.com,catchup,,1270060200,1516044300, 28,1541828415000,Friend,9,,,,"[ { ""year"": ""2018"",""month"": ""1"", ""dayofweek"": ""15"", ""hour"": ""19"", ""count"": "" 28"" }]",,https://forum.exetools.com/member.php?u=35205
arthur plank,forum.exetools.com,catchup,,1104517800,1427308140, 95,1541828414000,Friend,22,,,,"[ { ""year"": ""2015"",""month"": ""3"", ""dayofweek"": ""25"", ""hour"": ""18"", ""count"": "" 95"" }]",,https://forum.exetools.com/member.php?u=18993
suddenLy,forum.exetools.com,catchup,,1104517800,1427777160, 58,1541828414000,Friend,3,,,,"[ { ""year"": ""2015"",""month"": ""3"", ""dayofweek"": ""31"", ""hour"": ""4"", ""count"": "" 58"" }]",,https://forum.exetools.com/member.php?u=18892
QuakeGamer,forum.exetools.com,catchup,,1283279400,1427991180, 47,1541828414000,Friend,8,,,,"[ { ""year"": ""2015"",""month"": ""4"", ""dayofweek"": ""2"", ""hour"": ""16"", ""count"": "" 47"" }]",,https://forum.exetools.com/member.php?u=35524
Jasi2169,forum.exetools.com,catchup,,1441045800,1441393800, 208,1541828430000,Family,52,,,,"[ { ""year"": ""2015"",""month"": ""9"", ""dayofweek"": ""4"", ""hour"": ""19"", ""count"": "" 208"" }]",,https://forum.exetools.com/member.php?u=36815
niculaita,forum.exetools.com,catchup,"
				Decode and Conquer",1306866600,1537558860, 958,1541828438000,Family,85,,,,"[ { ""year"": ""2018"",""month"": ""9"", ""dayofweek"": ""21"", ""hour"": ""19"", ""count"": "" 958"" }]",,https://forum.exetools.com/member.php?u=35968
cachito,forum.exetools.com,catchup,,1438367400,1441396080, 53,1541828430000,Friend,12,,,,"[ { ""year"": ""2015"",""month"": ""9"", ""dayofweek"": ""4"", ""hour"": ""19"", ""count"": "" 53"" }]",,https://forum.exetools.com/member.php?u=36809
sHadOw,forum.exetools.com,catchup,,0,1339627620, n/a,1541828414000,,,,,,"[ { ""year"": ""2012"",""month"": ""6"", ""dayofweek"": ""13"", ""hour"": ""22"", ""count"": "" n/a"" }]",,
UncleVan,forum.exetools.com,catchup,,0,1406513640, n/a,1541828426000,,,,,,"[ { ""year"": ""2014"",""month"": ""7"", ""dayofweek"": ""28"", ""hour"": ""2"", ""count"": "" n/a"" }]",,
|roe,forum.exetools.com,catchup,,1306866600,1341597780, 49,1541828414000,Friend,24,,,,"[ { ""year"": ""2012"",""month"": ""7"", ""dayofweek"": ""6"", ""hour"": ""18"", ""count"": "" 49"" }]",,https://forum.exetools.com/member.php?u=35956
exfsky,forum.exetools.com,catchup,,0,1341655140, n/a,1541828414000,,,,,,"[ { ""year"": ""2012"",""month"": ""7"", ""dayofweek"": ""7"", ""hour"": ""9"", ""count"": "" n/a"" }]",,
nguoidocsach,forum.exetools.com,catchup,,0,1342438500, n/a,1541828414000,,,,,,"[ { ""year"": ""2012"",""month"": ""7"", ""dayofweek"": ""16"", ""hour"": ""11"", ""count"": "" n/a"" }]",,
nhadnt,forum.exetools.com,catchup,,0,1342768380, n/a,1541828414000,,,,,,"[ { ""year"": ""2012"",""month"": ""7"", ""dayofweek"": ""20"", ""hour"": ""7"", ""count"": "" n/a"" }]",,
DMichael,forum.exetools.com,catchup,,1333218600,1342805220, 199,1541828414000,Family,281,,,,"[ { ""year"": ""2012"",""month"": ""7"", ""dayofweek"": ""20"", ""hour"": ""17"", ""count"": "" 199"" }]",,https://forum.exetools.com/member.php?u=36171
Dragonhack,forum.exetools.com,catchup,,0,1347033060, n/a,1541828414000,,,,,,"[ { ""year"": ""2012"",""month"": ""9"", ""dayofweek"": ""7"", ""hour"": ""15"", ""count"": "" n/a"" }]",,
EAX666,forum.exetools.com,catchup,,1346437800,1347621720, 62,1541828414000,Friend,8,,,,"[ { ""year"": ""2012"",""month"": ""9"", ""dayofweek"": ""14"", ""hour"": ""11"", ""count"": "" 62"" }]",,https://forum.exetools.com/member.php?u=36250
Gmax,forum.exetools.com,catchup,,1330540200,1347643620, 286,1541828414000,VIP,312,,,,"[ { ""year"": ""2012"",""month"": ""9"", ""dayofweek"": ""14"", ""hour"": ""17"", ""count"": "" 286"" }]",,https://forum.exetools.com/member.php?u=36133
ح������ˮح������,forum.exetools.com,catchup,,0,1347968580, n/a,1541828414000,,,,,,"[ { ""year"": ""2012"",""month"": ""9"", ""dayofweek"": ""18"", ""hour"": ""11"", ""count"": "" n/a"" }]",,
Mahmoudnia,forum.exetools.com,catchup,,1351708200,1491984240, 169,1541828415000,Family,136,,,,"[ { ""year"": ""2017"",""month"": ""4"", ""dayofweek"": ""12"", ""hour"": ""8"", ""count"": "" 169"" }]",,https://forum.exetools.com/member.php?u=36282
simx,forum.exetools.com,catchup,,1335810600,1497426180, 32,1541828415000,Friend,,,,,"[ { ""year"": ""2017"",""month"": ""6"", ""dayofweek"": ""14"", ""hour"": ""7"", ""count"": "" 32"" }]",,https://forum.exetools.com/member.php?u=36189
abhi93696,forum.exetools.com,catchup,,1488306600,1488489300, 70,1541828434000,Friend,9,,,,"[ { ""year"": ""2017"",""month"": ""3"", ""dayofweek"": ""2"", ""hour"": ""21"", ""count"": "" 70"" }]",,https://forum.exetools.com/member.php?u=37278
Nicogalan,forum.exetools.com,catchup,,1346437800,1348522620, 8,1541828415000,Friend,0,,,,"[ { ""year"": ""2012"",""month"": ""9"", ""dayofweek"": ""24"", ""hour"": ""21"", ""count"": "" 8"" }]",,https://forum.exetools.com/member.php?u=36261
Youtoo,forum.exetools.com,catchup,,1346437800,1350555060, 122,1541828415000,Friend,31,,,,"[ { ""year"": ""2012"",""month"": ""10"", ""dayofweek"": ""18"", ""hour"": ""10"", ""count"": "" 122"" }]",,https://forum.exetools.com/member.php?u=36262
Rusty,forum.exetools.com,catchup,,0,1349979840, n/a,1541828415000,,,,,,"[ { ""year"": ""2012"",""month"": ""10"", ""dayofweek"": ""11"", ""hour"": ""18"", ""count"": "" n/a"" }]",,
Drk4ng3l,forum.exetools.com,catchup,,0,1351719180, n/a,1541828415000,,,,,,"[ { ""year"": ""2012"",""month"": ""10"", ""dayofweek"": ""31"", ""hour"": ""21"", ""count"": "" n/a"" }]",,
rfbsnl,forum.exetools.com,catchup,,1343759400,1353443040, 18,1541828415000,Friend,14,,,,"[ { ""year"": ""2012"",""month"": ""11"", ""dayofweek"": ""20"", ""hour"": ""20"", ""count"": "" 18"" }]",,https://forum.exetools.com/member.php?u=36239
r00t,forum.exetools.com,catchup,,0,1354196520, n/a,1541828415000,,,,,,"[ { ""year"": ""2012"",""month"": ""11"", ""dayofweek"": ""29"", ""hour"": ""13"", ""count"": "" n/a"" }]",,
bolo2002,forum.exetools.com,catchup,,1017599400,1354560180, 371,1541828415000,VIP,11,,,,"[ { ""year"": ""2012"",""month"": ""12"", ""dayofweek"": ""3"", ""hour"": ""18"", ""count"": "" 371"" }]",,https://forum.exetools.com/member.php?u=2640
virologizt,forum.exetools.com,catchup,,0,1355231460, n/a,1541828415000,,,,,,"[ { ""year"": ""2012"",""month"": ""12"", ""dayofweek"": ""11"", ""hour"": ""13"", ""count"": "" n/a"" }]",,
mary,forum.exetools.com,catchup,,0,1355371740, n/a,1541828415000,,,,,,"[ { ""year"": ""2012"",""month"": ""12"", ""dayofweek"": ""13"", ""hour"": ""4"", ""count"": "" n/a"" }]",,
_Ghost_,forum.exetools.com,catchup,,0,1356085920, n/a,1541828415000,,,,,,"[ { ""year"": ""2012"",""month"": ""12"", ""dayofweek"": ""21"", ""hour"": ""10"", ""count"": "" n/a"" }]",,
raduga_fb,forum.exetools.com,catchup,,1351708200,1356618960, 48,1541828416000,Family,117,,,,"[ { ""year"": ""2012"",""month"": ""12"", ""dayofweek"": ""27"", ""hour"": ""14"", ""count"": "" 48"" }]",,https://forum.exetools.com/member.php?u=36287
moro3391,forum.exetools.com,catchup,,1356978600,1357366740, 61,1541828416000,Friend,18,,,,"[ { ""year"": ""2013"",""month"": ""1"", ""dayofweek"": ""5"", ""hour"": ""6"", ""count"": "" 61"" }]",,https://forum.exetools.com/member.php?u=36316
dvdasacd,forum.exetools.com,catchup,,0,1357950600, n/a,1541828416000,,,,,,"[ { ""year"": ""2013"",""month"": ""1"", ""dayofweek"": ""12"", ""hour"": ""0"", ""count"": "" n/a"" }]",,
mArTi,forum.exetools.com,catchup,,0,1358026500, n/a,1541828416000,,,,,,"[ { ""year"": ""2013"",""month"": ""1"", ""dayofweek"": ""12"", ""hour"": ""21"", ""count"": "" n/a"" }]",,
DaRkLiFe,forum.exetools.com,catchup,,1356978600,1358334840, 25,1541828416000,Friend,9,,,,"[ { ""year"": ""2013"",""month"": ""1"", ""dayofweek"": ""16"", ""hour"": ""11"", ""count"": "" 25"" }]",,https://forum.exetools.com/member.php?u=36337
_ReMaX_,forum.exetools.com,catchup,,0,1360187760, n/a,1541828416000,,,,,,"[ { ""year"": ""2013"",""month"": ""2"", ""dayofweek"": ""6"", ""hour"": ""21"", ""count"": "" n/a"" }]",,
spooky,forum.exetools.com,catchup,,0,1360255980, n/a,1541828416000,,,,,,"[ { ""year"": ""2013"",""month"": ""2"", ""dayofweek"": ""7"", ""hour"": ""16"", ""count"": "" n/a"" }]",,
ELCHAGA,forum.exetools.com,catchup,,0,1362295620, n/a,1541828416000,,,,,,"[ { ""year"": ""2013"",""month"": ""3"", ""dayofweek"": ""3"", ""hour"": ""7"", ""count"": "" n/a"" }]",,
acoustics,forum.exetools.com,catchup,,0,1366142940, n/a,1541828416000,,,,,,"[ { ""year"": ""2013"",""month"": ""4"", ""dayofweek"": ""16"", ""hour"": ""20"", ""count"": "" n/a"" }]",,
bolzano_1989,forum.exetools.com,catchup,,1322677800,1363158480, 101,1541828416000,Friend,26,,,,"[ { ""year"": ""2013"",""month"": ""3"", ""dayofweek"": ""13"", ""hour"": ""7"", ""count"": "" 101"" }]",,https://forum.exetools.com/member.php?u=36104
LostandFound,forum.exetools.com,catchup,,1364754600,1365357900, 15,1541828416000,Friend,0,,,,"[ { ""year"": ""2013"",""month"": ""4"", ""dayofweek"": ""7"", ""hour"": ""18"", ""count"": "" 15"" }]",,https://forum.exetools.com/member.php?u=36389
iconstart,forum.exetools.com,catchup,,1362076200,1365666900, 21,1541828416000,Friend,,,,,"[ { ""year"": ""2013"",""month"": ""4"", ""dayofweek"": ""11"", ""hour"": ""7"", ""count"": "" 21"" }]",,https://forum.exetools.com/member.php?u=36382
Sektor,forum.exetools.com,catchup,,1364754600,1367277540, 28,1541828416000,Friend,29,,,,"[ { ""year"": ""2013"",""month"": ""4"", ""dayofweek"": ""29"", ""hour"": ""23"", ""count"": "" 28"" }]",,https://forum.exetools.com/member.php?u=36397
daujones,forum.exetools.com,catchup,,1359657000,1368038100, 4,1541828416000,Friend,0,,,,"[ { ""year"": ""2013"",""month"": ""5"", ""dayofweek"": ""8"", ""hour"": ""18"", ""count"": "" 4"" }]",,https://forum.exetools.com/member.php?u=36357
larva,forum.exetools.com,catchup,,0,1368042960, n/a,1541828418000,,,,,,"[ { ""year"": ""2013"",""month"": ""5"", ""dayofweek"": ""8"", ""hour"": ""19"", ""count"": "" n/a"" }]",,
softgate,forum.exetools.com,catchup,,1367346600,1368350520, 15,1541828418000,Friend,4,,,,"[ { ""year"": ""2013"",""month"": ""5"", ""dayofweek"": ""12"", ""hour"": ""9"", ""count"": "" 15"" }]",,https://forum.exetools.com/member.php?u=36405
Insid3Code,forum.exetools.com,catchup,"
				Computer Forensics",1367346600,1520616540, 80,1541828436000,Family,60,,,,"[ { ""year"": ""2018"",""month"": ""3"", ""dayofweek"": ""9"", ""hour"": ""17"", ""count"": "" 80"" }]",,https://forum.exetools.com/member.php?u=36406
Debugger,forum.exetools.com,catchup,,1367346600,1368909240, 53,1541828418000,Friend,8,,,,"[ { ""year"": ""2013"",""month"": ""5"", ""dayofweek"": ""18"", ""hour"": ""20"", ""count"": "" 53"" }]",,https://forum.exetools.com/member.php?u=36413
LordCoder,forum.exetools.com,catchup,,1367346600,1369586400, 55,1541828418000,TEAM REiS,238,,,,"[ { ""year"": ""2013"",""month"": ""5"", ""dayofweek"": ""26"", ""hour"": ""16"", ""count"": "" 55"" }]",,https://forum.exetools.com/member.php?u=36416
Coldzer0,forum.exetools.com,catchup,,1367346600,1369589040, 14,1541828418000,Friend,7,,,,"[ { ""year"": ""2013"",""month"": ""5"", ""dayofweek"": ""26"", ""hour"": ""17"", ""count"": "" 14"" }]",,https://forum.exetools.com/member.php?u=36417
Dreamer,forum.exetools.com,catchup,,1335810600,1520277420, 587,1541828436000,Family,658,,,,"[ { ""year"": ""2018"",""month"": ""3"", ""dayofweek"": ""5"", ""hour"": ""19"", ""count"": "" 587"" }]",,https://forum.exetools.com/member.php?u=36271
XorRanger,forum.exetools.com,catchup,,1367346600,1369605600, 80,1541828418000,Family,86,,,,"[ { ""year"": ""2013"",""month"": ""5"", ""dayofweek"": ""26"", ""hour"": ""22"", ""count"": "" 80"" }]",,https://forum.exetools.com/member.php?u=36415
Prometheus,forum.exetools.com,catchup,,0,1400106900, n/a,1541828424000,,,,,,"[ { ""year"": ""2014"",""month"": ""5"", ""dayofweek"": ""14"", ""hour"": ""22"", ""count"": "" n/a"" }]",,
teh3ck,forum.exetools.com,catchup,,0,1371229500, n/a,1541828418000,,,,,,"[ { ""year"": ""2013"",""month"": ""6"", ""dayofweek"": ""14"", ""hour"": ""17"", ""count"": "" n/a"" }]",,
cdwayne foremost,forum.exetools.com,catchup,,0,1371314940, n/a,1541828418000,,,,,,"[ { ""year"": ""2013"",""month"": ""6"", ""dayofweek"": ""15"", ""hour"": ""16"", ""count"": "" n/a"" }]",,
edv4ld0,forum.exetools.com,catchup,,0,1371424200, n/a,1541828418000,,,,,,"[ { ""year"": ""2013"",""month"": ""6"", ""dayofweek"": ""16"", ""hour"": ""23"", ""count"": "" n/a"" }]",,
idoit,forum.exetools.com,catchup,,0,1372476600, n/a,1541828418000,,,,,,"[ { ""year"": ""2013"",""month"": ""6"", ""dayofweek"": ""29"", ""hour"": ""3"", ""count"": "" n/a"" }]",,
kn0w,forum.exetools.com,catchup,,0,1372747200, n/a,1541828419000,,,,,,"[ { ""year"": ""2013"",""month"": ""7"", ""dayofweek"": ""2"", ""hour"": ""6"", ""count"": "" n/a"" }]",,
joeBullet,forum.exetools.com,catchup,,0,1374407580, n/a,1541828419000,,,,,,"[ { ""year"": ""2013"",""month"": ""7"", ""dayofweek"": ""21"", ""hour"": ""11"", ""count"": "" n/a"" }]",,
Loopy_Bytes,forum.exetools.com,catchup,,0,1374588960, n/a,1541828419000,,,,,,"[ { ""year"": ""2013"",""month"": ""7"", ""dayofweek"": ""23"", ""hour"": ""14"", ""count"": "" n/a"" }]",,
TheSwash,forum.exetools.com,catchup,,0,1375229700, n/a,1541828419000,,,,,,"[ { ""year"": ""2013"",""month"": ""7"", ""dayofweek"": ""31"", ""hour"": ""0"", ""count"": "" n/a"" }]",,
athapa,forum.exetools.com,catchup,,1372617000,1375309080, 21,1541828419000,Friend,,,,,"[ { ""year"": ""2013"",""month"": ""7"", ""dayofweek"": ""31"", ""hour"": ""22"", ""count"": "" 21"" }]",,https://forum.exetools.com/member.php?u=36456
shahril,forum.exetools.com,catchup,,0,1375843680, n/a,1541828419000,,,,,,"[ { ""year"": ""2013"",""month"": ""8"", ""dayofweek"": ""7"", ""hour"": ""2"", ""count"": "" n/a"" }]",,
Smoke,forum.exetools.com,catchup,,1356978600,1376051700, 22,1541828419000,Friend,8,,,,"[ { ""year"": ""2013"",""month"": ""8"", ""dayofweek"": ""9"", ""hour"": ""12"", ""count"": "" 22"" }]",,https://forum.exetools.com/member.php?u=36320
InterSys,forum.exetools.com,catchup,,0,1378402020, n/a,1541828419000,,,,,,"[ { ""year"": ""2013"",""month"": ""9"", ""dayofweek"": ""5"", ""hour"": ""17"", ""count"": "" n/a"" }]",,
skunki,forum.exetools.com,catchup,,0,1378125300, n/a,1541828419000,,,,,,"[ { ""year"": ""2013"",""month"": ""9"", ""dayofweek"": ""2"", ""hour"": ""12"", ""count"": "" n/a"" }]",,
runner1212,forum.exetools.com,catchup,,0,1378502400, n/a,1541828419000,,,,,,"[ { ""year"": ""2013"",""month"": ""9"", ""dayofweek"": ""6"", ""hour"": ""21"", ""count"": "" n/a"" }]",,
Hookahice,forum.exetools.com,catchup,,1377973800,1379485920, 59,1541828420000,Family,42,,,,"[ { ""year"": ""2013"",""month"": ""9"", ""dayofweek"": ""18"", ""hour"": ""6"", ""count"": "" 59"" }]",,https://forum.exetools.com/member.php?u=36484
marvin19872013,forum.exetools.com,catchup,,1377973800,1379785380, 11,1541828420000,Friend,8,,,,"[ { ""year"": ""2013"",""month"": ""9"", ""dayofweek"": ""21"", ""hour"": ""17"", ""count"": "" 11"" }]",,https://forum.exetools.com/member.php?u=36487
Chinchillin,forum.exetools.com,catchup,,0,1380234480, n/a,1541828420000,,,,,,"[ { ""year"": ""2013"",""month"": ""9"", ""dayofweek"": ""26"", ""hour"": ""22"", ""count"": "" n/a"" }]",,
suresh.hacker,forum.exetools.com,catchup,,1377973800,1381808280, 14,1541828420000,Friend,3,,,,"[ { ""year"": ""2013"",""month"": ""10"", ""dayofweek"": ""15"", ""hour"": ""3"", ""count"": "" 14"" }]",,https://forum.exetools.com/member.php?u=36480
Xylitol,forum.exetools.com,catchup,,0,1381883700, n/a,1541828420000,,,,,,"[ { ""year"": ""2013"",""month"": ""10"", ""dayofweek"": ""16"", ""hour"": ""0"", ""count"": "" n/a"" }]",,
ondrong,forum.exetools.com,catchup,,0,1382486160, n/a,1541828420000,,,,,,"[ { ""year"": ""2013"",""month"": ""10"", ""dayofweek"": ""22"", ""hour"": ""23"", ""count"": "" n/a"" }]",,
Darkc0de,forum.exetools.com,catchup,,0,1382570160, n/a,1541828420000,,,,,,"[ { ""year"": ""2013"",""month"": ""10"", ""dayofweek"": ""23"", ""hour"": ""23"", ""count"": "" n/a"" }]",,
b30wulf,forum.exetools.com,catchup,,1383244200,1383956040, 134,1541828420000,Family,110,,,,"[ { ""year"": ""2013"",""month"": ""11"", ""dayofweek"": ""9"", ""hour"": ""0"", ""count"": "" 134"" }]",,https://forum.exetools.com/member.php?u=36513
peMan!a,forum.exetools.com,catchup,,1383244200,1384012680, 13,1541828420000,Friend,0,,,,"[ { ""year"": ""2013"",""month"": ""11"", ""dayofweek"": ""9"", ""hour"": ""15"", ""count"": "" 13"" }]",,https://forum.exetools.com/member.php?u=36519
leonardonhesi,forum.exetools.com,catchup,,1383244200,1384652520, 9,1541828420000,Friend,,,,,"[ { ""year"": ""2013"",""month"": ""11"", ""dayofweek"": ""17"", ""hour"": ""1"", ""count"": "" 9"" }]",,https://forum.exetools.com/member.php?u=36515
husmanafper3,forum.exetools.com,catchup,,0,1384719540, n/a,1541828420000,,,,,,"[ { ""year"": ""2013"",""month"": ""11"", ""dayofweek"": ""17"", ""hour"": ""20"", ""count"": "" n/a"" }]",,
piranime,forum.exetools.com,catchup,,1380565800,1384913880, 6,1541828420000,Friend,6,,,,"[ { ""year"": ""2013"",""month"": ""11"", ""dayofweek"": ""20"", ""hour"": ""2"", ""count"": "" 6"" }]",,https://forum.exetools.com/member.php?u=36510
XxSmackxX,forum.exetools.com,catchup,,0,1387380720, n/a,1541828420000,,,,,,"[ { ""year"": ""2013"",""month"": ""12"", ""dayofweek"": ""18"", ""hour"": ""15"", ""count"": "" n/a"" }]",,
secmask,forum.exetools.com,catchup,,0,1387428780, n/a,1541828421000,,,,,,"[ { ""year"": ""2013"",""month"": ""12"", ""dayofweek"": ""19"", ""hour"": ""4"", ""count"": "" n/a"" }]",,
Notmex,forum.exetools.com,catchup,,1383244200,1387451100, 27,1541828421000,Friend,0,,,,"[ { ""year"": ""2013"",""month"": ""12"", ""dayofweek"": ""19"", ""hour"": ""11"", ""count"": "" 27"" }]",,https://forum.exetools.com/member.php?u=36538
n3m3s1s,forum.exetools.com,catchup,,0,1388164500, n/a,1541828421000,,,,,,"[ { ""year"": ""2013"",""month"": ""12"", ""dayofweek"": ""27"", ""hour"": ""17"", ""count"": "" n/a"" }]",,
ismail,forum.exetools.com,catchup,,1277922600,1388618100, 7,1541828421000,Friend,11,,,,"[ { ""year"": ""2014"",""month"": ""1"", ""dayofweek"": ""1"", ""hour"": ""23"", ""count"": "" 7"" }]",,https://forum.exetools.com/member.php?u=35373
wenij,forum.exetools.com,catchup,,1078079400,1389293100, 13,1541828421000,Friend,0,,,,"[ { ""year"": ""2014"",""month"": ""1"", ""dayofweek"": ""9"", ""hour"": ""18"", ""count"": "" 13"" }]",,https://forum.exetools.com/member.php?u=13551
xxvxx,forum.exetools.com,catchup,,0,1389300300, n/a,1541828421000,,,,,,"[ { ""year"": ""2014"",""month"": ""1"", ""dayofweek"": ""9"", ""hour"": ""20"", ""count"": "" n/a"" }]",,
Leina,forum.exetools.com,catchup,,1388514600,1389431160, 14,1541828421000,Friend,5,,,,"[ { ""year"": ""2014"",""month"": ""1"", ""dayofweek"": ""11"", ""hour"": ""9"", ""count"": "" 14"" }]",,https://forum.exetools.com/member.php?u=36560
predat,forum.exetools.com,catchup,,0,1390433520, n/a,1541828421000,,,,,,"[ { ""year"": ""2014"",""month"": ""1"", ""dayofweek"": ""22"", ""hour"": ""23"", ""count"": "" n/a"" }]",,
Dinisoid,forum.exetools.com,catchup,,0,1390477740, n/a,1541828421000,,,,,,"[ { ""year"": ""2014"",""month"": ""1"", ""dayofweek"": ""23"", ""hour"": ""11"", ""count"": "" n/a"" }]",,
alfares,forum.exetools.com,catchup,,1385836200,1390583340, 14,1541828421000,Friend,4,,,,"[ { ""year"": ""2014"",""month"": ""1"", ""dayofweek"": ""24"", ""hour"": ""17"", ""count"": "" 14"" }]",,https://forum.exetools.com/member.php?u=36551
agitator,forum.exetools.com,catchup,,0,1391231640, n/a,1541828421000,,,,,,"[ { ""year"": ""2014"",""month"": ""2"", ""dayofweek"": ""1"", ""hour"": ""5"", ""count"": "" n/a"" }]",,
Blue Indian,forum.exetools.com,catchup,,0,1417084260, n/a,1541828429000,,,,,,"[ { ""year"": ""2014"",""month"": ""11"", ""dayofweek"": ""27"", ""hour"": ""10"", ""count"": "" n/a"" }]",,
mdj,forum.exetools.com,catchup,,1320085800,1391588700, 152,1541828421000,♀♥♂KAMDEV♂♥♀,140,,,,"[ { ""year"": ""2014"",""month"": ""2"", ""dayofweek"": ""5"", ""hour"": ""8"", ""count"": "" 152"" }]",,https://forum.exetools.com/member.php?u=36085
peanuter,forum.exetools.com,catchup,,0,1392012480, n/a,1541828421000,,,,,,"[ { ""year"": ""2014"",""month"": ""2"", ""dayofweek"": ""10"", ""hour"": ""6"", ""count"": "" n/a"" }]",,
Bey,forum.exetools.com,catchup,"
				If it's not broken, fix it until it is.
You can fix anything with a hammer.",1391193000,1441862880, 19,1541828430000,Family,38,,,,"[ { ""year"": ""2015"",""month"": ""9"", ""dayofweek"": ""10"", ""hour"": ""5"", ""count"": "" 19"" }]",,https://forum.exetools.com/member.php?u=36579
ludroid,forum.exetools.com,catchup,,0,1392032400, n/a,1541828423000,,,,,,"[ { ""year"": ""2014"",""month"": ""2"", ""dayofweek"": ""10"", ""hour"": ""11"", ""count"": "" n/a"" }]",,
Theislander,forum.exetools.com,catchup,,1298917800,1392054600, 65,1541828423000,Friend,10,,,,"[ { ""year"": ""2014"",""month"": ""2"", ""dayofweek"": ""10"", ""hour"": ""17"", ""count"": "" 65"" }]",,https://forum.exetools.com/member.php?u=35873
Steve_J,forum.exetools.com,catchup,,0,1392262140, n/a,1541828423000,,,,,,"[ { ""year"": ""2014"",""month"": ""2"", ""dayofweek"": ""13"", ""hour"": ""3"", ""count"": "" n/a"" }]",,
Morpheus,forum.exetools.com,catchup,,0,1392507540, n/a,1541828423000,,,,,,"[ { ""year"": ""2014"",""month"": ""2"", ""dayofweek"": ""15"", ""hour"": ""23"", ""count"": "" n/a"" }]",,
D3COD34,forum.exetools.com,catchup,,0,1393012200, n/a,1541828423000,,,,,,"[ { ""year"": ""2014"",""month"": ""2"", ""dayofweek"": ""21"", ""hour"": ""19"", ""count"": "" n/a"" }]",,
pentium450,forum.exetools.com,catchup,,0,1393445100, n/a,1541828423000,,,,,,"[ { ""year"": ""2014"",""month"": ""2"", ""dayofweek"": ""26"", ""hour"": ""20"", ""count"": "" n/a"" }]",,
aHjkk,forum.exetools.com,catchup,,0,1396867740, n/a,1541828423000,,,,,,"[ { ""year"": ""2014"",""month"": ""4"", ""dayofweek"": ""7"", ""hour"": ""10"", ""count"": "" n/a"" }]",,
UniSoft,forum.exetools.com,catchup,,1272652200,1397416560, 80,1541828423000,Family,245,,,,"[ { ""year"": ""2014"",""month"": ""4"", ""dayofweek"": ""13"", ""hour"": ""19"", ""count"": "" 80"" }]",,https://forum.exetools.com/member.php?u=35212
V0K3,forum.exetools.com,catchup,,1396290600,1397771880, 2,1541828423000,Friend,,,,,"[ { ""year"": ""2014"",""month"": ""4"", ""dayofweek"": ""17"", ""hour"": ""21"", ""count"": "" 2"" }]",,https://forum.exetools.com/member.php?u=36620
leetone,forum.exetools.com,catchup,,1396290600,1407479700, 146,1541828428000,Family,31,,,,"[ { ""year"": ""2014"",""month"": ""8"", ""dayofweek"": ""8"", ""hour"": ""6"", ""count"": "" 146"" }]",,https://forum.exetools.com/member.php?u=36623
AlexAltea,forum.exetools.com,catchup,,1396290600,1398201240, 16,1541828423000,Friend,8,,,,"[ { ""year"": ""2014"",""month"": ""4"", ""dayofweek"": ""22"", ""hour"": ""21"", ""count"": "" 16"" }]",,https://forum.exetools.com/member.php?u=36624
Jhonjhon_123,forum.exetools.com,catchup,,1377973800,1398203820, 35,1541828423000,Friend,15,,,,"[ { ""year"": ""2014"",""month"": ""4"", ""dayofweek"": ""22"", ""hour"": ""21"", ""count"": "" 35"" }]",,https://forum.exetools.com/member.php?u=36478
stepanovich,forum.exetools.com,catchup,,1396290600,1398373440, 5,1541828423000,Friend,3,,,,"[ { ""year"": ""2014"",""month"": ""4"", ""dayofweek"": ""24"", ""hour"": ""21"", ""count"": "" 5"" }]",,https://forum.exetools.com/member.php?u=36626
CriticalError,forum.exetools.com,catchup,,0,1398455100, n/a,1541828424000,,,,,,"[ { ""year"": ""2014"",""month"": ""4"", ""dayofweek"": ""25"", ""hour"": ""19"", ""count"": "" n/a"" }]",,
rooster1,forum.exetools.com,catchup,,1388514600,1404437460, 9,1541828425000,Friend,4,,,,"[ { ""year"": ""2014"",""month"": ""7"", ""dayofweek"": ""4"", ""hour"": ""1"", ""count"": "" 9"" }]",,https://forum.exetools.com/member.php?u=36563
Moonglow,forum.exetools.com,catchup,,1398882600,1399540440, 4,1541828424000,Friend,,,,,"[ { ""year"": ""2014"",""month"": ""5"", ""dayofweek"": ""8"", ""hour"": ""9"", ""count"": "" 4"" }]",,https://forum.exetools.com/member.php?u=36633
alen,forum.exetools.com,catchup,,0,1419359760, n/a,1541828429000,,,,,,"[ { ""year"": ""2014"",""month"": ""12"", ""dayofweek"": ""23"", ""hour"": ""18"", ""count"": "" n/a"" }]",,
Storm Shadow,forum.exetools.com,catchup,,1401561000,1401578460, 272,1541828424000,Family,191,,,,"[ { ""year"": ""2014"",""month"": ""5"", ""dayofweek"": ""31"", ""hour"": ""23"", ""count"": "" 272"" }]",,https://forum.exetools.com/member.php?u=36644
obfuscator,forum.exetools.com,catchup,,1401561000,1401667200, 29,1541828424000,Friend,7,,,,"[ { ""year"": ""2014"",""month"": ""6"", ""dayofweek"": ""2"", ""hour"": ""0"", ""count"": "" 29"" }]",,https://forum.exetools.com/member.php?u=36645
computerline,forum.exetools.com,catchup,,1401561000,1401701880, 46,1541828424000,Friend,26,,,,"[ { ""year"": ""2014"",""month"": ""6"", ""dayofweek"": ""2"", ""hour"": ""9"", ""count"": "" 46"" }]",,https://forum.exetools.com/member.php?u=36646
Codehook,forum.exetools.com,catchup,,0,1401877980, n/a,1541828424000,,,,,,"[ { ""year"": ""2014"",""month"": ""6"", ""dayofweek"": ""4"", ""hour"": ""10"", ""count"": "" n/a"" }]",,
reversecore,forum.exetools.com,catchup,,0,1401962640, n/a,1541828424000,,,,,,"[ { ""year"": ""2014"",""month"": ""6"", ""dayofweek"": ""5"", ""hour"": ""10"", ""count"": "" n/a"" }]",,
xtiaoshi,forum.exetools.com,catchup,"
				�����ԧ�ѧާާߧ�� ��ҧ֧��֧�֧ߧڧ� �ӧ����ܧ� �� Windows Crack ���ҧ��֧ߧڧ����ѧ�-Dabei Guanyin ����է�ڧ�ѧ��ӧ� ���ѧ� �ҧ֧� �ާڧ�ѧҧ��",1107196200,1401963840," 1,037",1541828424000,bbs.pediy.com,428,,,,"[ { ""year"": ""2014"",""month"": ""6"", ""dayofweek"": ""5"", ""hour"": ""10"", ""count"": "" 1,037"" }]",,https://forum.exetools.com/member.php?u=20055
CodeInjector,forum.exetools.com,catchup,,0,1402944180, n/a,1541828424000,,,,,,"[ { ""year"": ""2014"",""month"": ""6"", ""dayofweek"": ""16"", ""hour"": ""18"", ""count"": "" n/a"" }]",,
Cloud,forum.exetools.com,catchup,,0,1403162940, n/a,1541828424000,,,,,,"[ { ""year"": ""2014"",""month"": ""6"", ""dayofweek"": ""19"", ""hour"": ""7"", ""count"": "" n/a"" }]",,
PerCoder,forum.exetools.com,catchup,,0,1403222040, n/a,1541828425000,,,,,,"[ { ""year"": ""2014"",""month"": ""6"", ""dayofweek"": ""19"", ""hour"": ""23"", ""count"": "" n/a"" }]",,
Kjacky,forum.exetools.com,catchup,,1383244200,1403517300, 71,1541828425000,Family,91,,,,"[ { ""year"": ""2014"",""month"": ""6"", ""dayofweek"": ""23"", ""hour"": ""9"", ""count"": "" 71"" }]",,https://forum.exetools.com/member.php?u=36517
horeffic,forum.exetools.com,catchup,,0,1404235620, n/a,1541828425000,,,,,,"[ { ""year"": ""2014"",""month"": ""7"", ""dayofweek"": ""1"", ""hour"": ""17"", ""count"": "" n/a"" }]",,
DREAEMER,forum.exetools.com,catchup,,0,1404238260, n/a,1541828425000,,,,,,"[ { ""year"": ""2014"",""month"": ""7"", ""dayofweek"": ""1"", ""hour"": ""18"", ""count"": "" n/a"" }]",,
CARLOS,forum.exetools.com,catchup,,0,1404283860, n/a,1541828425000,,,,,,"[ { ""year"": ""2014"",""month"": ""7"", ""dayofweek"": ""2"", ""hour"": ""6"", ""count"": "" n/a"" }]",,
tK!,forum.exetools.com,catchup,,1356978600,1404357000, 111,1541828425000,Family,118,,,,"[ { ""year"": ""2014"",""month"": ""7"", ""dayofweek"": ""3"", ""hour"": ""3"", ""count"": "" 111"" }]",,https://forum.exetools.com/member.php?u=36327
psgama,forum.exetools.com,catchup,,1404153000,1422754080, 74,1541828430000,Friend,3,,,,"[ { ""year"": ""2015"",""month"": ""2"", ""dayofweek"": ""1"", ""hour"": ""1"", ""count"": "" 74"" }]",,https://forum.exetools.com/member.php?u=36675
Phoenix,forum.exetools.com,catchup,,0,1404680580, n/a,1541828425000,,,,,,"[ { ""year"": ""2014"",""month"": ""7"", ""dayofweek"": ""6"", ""hour"": ""21"", ""count"": "" n/a"" }]",,
SAMFISHER,forum.exetools.com,catchup,,0,1404685080, n/a,1541828425000,,,,,,"[ { ""year"": ""2014"",""month"": ""7"", ""dayofweek"": ""6"", ""hour"": ""22"", ""count"": "" n/a"" }]",,
Ultimax Force,forum.exetools.com,catchup,,0,1405586160, n/a,1541828426000,,,,,,"[ { ""year"": ""2014"",""month"": ""7"", ""dayofweek"": ""17"", ""hour"": ""8"", ""count"": "" n/a"" }]",,
H_C,forum.exetools.com,catchup,,1404153000,1405811580, 5,1541828426000,Friend,0,,,,"[ { ""year"": ""2014"",""month"": ""7"", ""dayofweek"": ""19"", ""hour"": ""23"", ""count"": "" 5"" }]",,https://forum.exetools.com/member.php?u=36684
lihanbok,forum.exetools.com,catchup,,1396290600,1405926300, 24,1541828426000,Friend,2,,,,"[ { ""year"": ""2014"",""month"": ""7"", ""dayofweek"": ""21"", ""hour"": ""7"", ""count"": "" 24"" }]",,https://forum.exetools.com/member.php?u=36622
CyberPunk,forum.exetools.com,catchup,,0,1405964100, n/a,1541828426000,,,,,,"[ { ""year"": ""2014"",""month"": ""7"", ""dayofweek"": ""21"", ""hour"": ""17"", ""count"": "" n/a"" }]",,
Leonardo,forum.exetools.com,catchup,,0,1406104440, n/a,1541828426000,,,,,,"[ { ""year"": ""2014"",""month"": ""7"", ""dayofweek"": ""23"", ""hour"": ""8"", ""count"": "" n/a"" }]",,
SRN,forum.exetools.com,catchup,,0,1406361300, n/a,1541828426000,,,,,,"[ { ""year"": ""2014"",""month"": ""7"", ""dayofweek"": ""26"", ""hour"": ""7"", ""count"": "" n/a"" }]",,
TQN,forum.exetools.com,catchup,,1049135400,1406619600, 272,1541828426000,VIP,10,,,,"[ { ""year"": ""2014"",""month"": ""7"", ""dayofweek"": ""29"", ""hour"": ""7"", ""count"": "" 272"" }]",,https://forum.exetools.com/member.php?u=8147
Utshiha,forum.exetools.com,catchup,,1404153000,1406811240, 141,1541828426000,Family,151,,,,"[ { ""year"": ""2014"",""month"": ""7"", ""dayofweek"": ""31"", ""hour"": ""12"", ""count"": "" 141"" }]",,https://forum.exetools.com/member.php?u=36697
Codeman,forum.exetools.com,catchup,,1398882600,1406825880, 68,1541828426000,Family,38,,,,"[ { ""year"": ""2014"",""month"": ""7"", ""dayofweek"": ""31"", ""hour"": ""16"", ""count"": "" 68"" }]",,https://forum.exetools.com/member.php?u=36638
cxj98,forum.exetools.com,catchup,,0,1406839860, n/a,1541828426000,,,,,,"[ { ""year"": ""2014"",""month"": ""7"", ""dayofweek"": ""31"", ""hour"": ""20"", ""count"": "" n/a"" }]",,
Coder,forum.exetools.com,catchup,,0,1406882640, n/a,1541828426000,,,,,,"[ { ""year"": ""2014"",""month"": ""8"", ""dayofweek"": ""1"", ""hour"": ""8"", ""count"": "" n/a"" }]",,
JIM SMITH,forum.exetools.com,catchup,,0,1407178740, n/a,1541828426000,,,,,,"[ { ""year"": ""2014"",""month"": ""8"", ""dayofweek"": ""4"", ""hour"": ""18"", ""count"": "" n/a"" }]",,
luj107,forum.exetools.com,catchup,,0,1407324240, n/a,1541828426000,,,,,,"[ { ""year"": ""2014"",""month"": ""8"", ""dayofweek"": ""6"", ""hour"": ""11"", ""count"": "" n/a"" }]",,
0x22,forum.exetools.com,catchup,,1406831400,1407519180, 65,1541828428000,Family,47,,,,"[ { ""year"": ""2014"",""month"": ""8"", ""dayofweek"": ""8"", ""hour"": ""17"", ""count"": "" 65"" }]",,https://forum.exetools.com/member.php?u=36704
SubzEro,forum.exetools.com,catchup,,0,1407579120, n/a,1541828428000,,,,,,"[ { ""year"": ""2014"",""month"": ""8"", ""dayofweek"": ""9"", ""hour"": ""10"", ""count"": "" n/a"" }]",,
Artic,forum.exetools.com,catchup,,1404153000,1408311360, 73,1541828428000,Friend,15,,,,"[ { ""year"": ""2014"",""month"": ""8"", ""dayofweek"": ""17"", ""hour"": ""21"", ""count"": "" 73"" }]",,https://forum.exetools.com/member.php?u=36691
OPiC,forum.exetools.com,catchup,,0,1408560420, n/a,1541828428000,,,,,,"[ { ""year"": ""2014"",""month"": ""8"", ""dayofweek"": ""20"", ""hour"": ""18"", ""count"": "" n/a"" }]",,
daat,forum.exetools.com,catchup,,0,1409066280, n/a,1541828428000,,,,,,"[ { ""year"": ""2014"",""month"": ""8"", ""dayofweek"": ""26"", ""hour"": ""15"", ""count"": "" n/a"" }]",,
infinitevs,forum.exetools.com,catchup,,1409509800,1410068460, 8,1541828428000,Friend,6,,,,"[ { ""year"": ""2014"",""month"": ""9"", ""dayofweek"": ""7"", ""hour"": ""5"", ""count"": "" 8"" }]",,https://forum.exetools.com/member.php?u=36727
securedsolutions,forum.exetools.com,catchup,,0,1413373200, n/a,1541828428000,,,,,,"[ { ""year"": ""2014"",""month"": ""10"", ""dayofweek"": ""15"", ""hour"": ""11"", ""count"": "" n/a"" }]",,
NytroRST,forum.exetools.com,catchup,,1412101800,1414243980, 2,1541828428000,Friend,0,,,,"[ { ""year"": ""2014"",""month"": ""10"", ""dayofweek"": ""25"", ""hour"": ""13"", ""count"": "" 2"" }]",,https://forum.exetools.com/member.php?u=36750
pet2014,forum.exetools.com,catchup,,0,1414469820, n/a,1541828428000,,,,,,"[ { ""year"": ""2014"",""month"": ""10"", ""dayofweek"": ""28"", ""hour"": ""4"", ""count"": "" n/a"" }]",,
ke_cn,forum.exetools.com,catchup,,0,1414663440, n/a,1541828428000,,,,,,"[ { ""year"": ""2014"",""month"": ""10"", ""dayofweek"": ""30"", ""hour"": ""10"", ""count"": "" n/a"" }]",,
doingtest,forum.exetools.com,catchup,,1462041000,1463040240, 5,1541828431000,Friend,0,,,,"[ { ""year"": ""2016"",""month"": ""5"", ""dayofweek"": ""12"", ""hour"": ""8"", ""count"": "" 5"" }]",,https://forum.exetools.com/member.php?u=37080
Hypnz,forum.exetools.com,catchup,,1412101800,1415033940, 36,1541828428000,Friend,,,,,"[ { ""year"": ""2014"",""month"": ""11"", ""dayofweek"": ""3"", ""hour"": ""16"", ""count"": "" 36"" }]",,https://forum.exetools.com/member.php?u=36744
crystalboy,forum.exetools.com,catchup,,1414780200,1415234220, 3,1541828429000,Friend,2,,,,"[ { ""year"": ""2014"",""month"": ""11"", ""dayofweek"": ""6"", ""hour"": ""0"", ""count"": "" 3"" }]",,https://forum.exetools.com/member.php?u=36754
JOY,forum.exetools.com,catchup,,0,1415242980, n/a,1541828429000,,,,,,"[ { ""year"": ""2014"",""month"": ""11"", ""dayofweek"": ""6"", ""hour"": ""3"", ""count"": "" n/a"" }]",,
CashD,forum.exetools.com,catchup,,0,1416052740, n/a,1541828429000,,,,,,"[ { ""year"": ""2014"",""month"": ""11"", ""dayofweek"": ""15"", ""hour"": ""11"", ""count"": "" n/a"" }]",,
menglv,forum.exetools.com,catchup,,0,1416120960, n/a,1541828429000,,,,,,"[ { ""year"": ""2014"",""month"": ""11"", ""dayofweek"": ""16"", ""hour"": ""6"", ""count"": "" n/a"" }]",,
js78955,forum.exetools.com,catchup,,0,1417167120, n/a,1541828429000,,,,,,"[ { ""year"": ""2014"",""month"": ""11"", ""dayofweek"": ""28"", ""hour"": ""9"", ""count"": "" n/a"" }]",,
ByteReverser,forum.exetools.com,catchup,,0,1417204680, n/a,1541828429000,,,,,,"[ { ""year"": ""2014"",""month"": ""11"", ""dayofweek"": ""28"", ""hour"": ""19"", ""count"": "" n/a"" }]",,
luckycharms,forum.exetools.com,catchup,,1414780200,1417520160, 8,1541828429000,Friend,0,,,,"[ { ""year"": ""2014"",""month"": ""12"", ""dayofweek"": ""2"", ""hour"": ""11"", ""count"": "" 8"" }]",,https://forum.exetools.com/member.php?u=36761
rukov,forum.exetools.com,catchup,,1417372200,1417693260, 57,1541828429000,Family,59,,,,"[ { ""year"": ""2014"",""month"": ""12"", ""dayofweek"": ""4"", ""hour"": ""11"", ""count"": "" 57"" }]",,https://forum.exetools.com/member.php?u=36768
Masoud,forum.exetools.com,catchup,,1417372200,1418841660, 16,1541828429000,Friend,0,,,,"[ { ""year"": ""2014"",""month"": ""12"", ""dayofweek"": ""17"", ""hour"": ""18"", ""count"": "" 16"" }]",,https://forum.exetools.com/member.php?u=36771
atom0s,forum.exetools.com,catchup,,1420050600,1421187240, 196,1541828429000,Family,94,,,,"[ { ""year"": ""2015"",""month"": ""1"", ""dayofweek"": ""13"", ""hour"": ""22"", ""count"": "" 196"" }]",,https://forum.exetools.com/member.php?u=36780
ioannis,forum.exetools.com,catchup,,1420050600,1421349360, 26,1541828429000,Friend,9,,,,"[ { ""year"": ""2015"",""month"": ""1"", ""dayofweek"": ""15"", ""hour"": ""19"", ""count"": "" 26"" }]",,https://forum.exetools.com/member.php?u=36777
Stitch,forum.exetools.com,catchup,,1409509800,1422027060, 32,1541828430000,Friend,3,,,,"[ { ""year"": ""2015"",""month"": ""1"", ""dayofweek"": ""23"", ""hour"": ""15"", ""count"": "" 32"" }]",,https://forum.exetools.com/member.php?u=36733
alexwiz,forum.exetools.com,catchup,,1420050600,1422055920, 2,1541828430000,Friend,0,,,,"[ { ""year"": ""2015"",""month"": ""1"", ""dayofweek"": ""23"", ""hour"": ""23"", ""count"": "" 2"" }]",,https://forum.exetools.com/member.php?u=36782
TheProxy,forum.exetools.com,catchup,,1430418600,1431510660, 5,1541828430000,Friend,4,,,,"[ { ""year"": ""2015"",""month"": ""5"", ""dayofweek"": ""13"", ""hour"": ""9"", ""count"": "" 5"" }]",,https://forum.exetools.com/member.php?u=36798
dummys,forum.exetools.com,catchup,,1438367400,1508329260, 16,1541828436000,Friend,4,,,,"[ { ""year"": ""2017"",""month"": ""10"", ""dayofweek"": ""18"", ""hour"": ""12"", ""count"": "" 16"" }]",,https://forum.exetools.com/member.php?u=36810
Legend-Modz,forum.exetools.com,catchup,,1441045800,1441397520, 18,1541828430000,Friend,3,,,,"[ { ""year"": ""2015"",""month"": ""9"", ""dayofweek"": ""4"", ""hour"": ""20"", ""count"": "" 18"" }]",,https://forum.exetools.com/member.php?u=36816
swell,forum.exetools.com,catchup,,1443637800,1447113540, 13,1541828430000,Friend,6,,,,"[ { ""year"": ""2015"",""month"": ""11"", ""dayofweek"": ""9"", ""hour"": ""23"", ""count"": "" 13"" }]",,https://forum.exetools.com/member.php?u=36823
Mpower04,forum.exetools.com,catchup,,1385836200,1448437800, 19,1541828430000,Friend,,,,,"[ { ""year"": ""2015"",""month"": ""11"", ""dayofweek"": ""25"", ""hour"": ""7"", ""count"": "" 19"" }]",,https://forum.exetools.com/member.php?u=36552
nihilus,forum.exetools.com,catchup,,1448908200,1449442500, 5,1541828430000,Friend,,,,,"[ { ""year"": ""2015"",""month"": ""12"", ""dayofweek"": ""6"", ""hour"": ""22"", ""count"": "" 5"" }]",,https://forum.exetools.com/member.php?u=36825
e0qs,forum.exetools.com,catchup,,1451586600,1453988880, 12,1541828430000,Friend,,,,,"[ { ""year"": ""2016"",""month"": ""1"", ""dayofweek"": ""28"", ""hour"": ""13"", ""count"": "" 12"" }]",,https://forum.exetools.com/member.php?u=36828
CrackAttackz,forum.exetools.com,catchup,,1451586600,1454045340, 4,1541828431000,Friend,0,,,,"[ { ""year"": ""2016"",""month"": ""1"", ""dayofweek"": ""29"", ""hour"": ""5"", ""count"": "" 4"" }]",,https://forum.exetools.com/member.php?u=36829
Rigel,forum.exetools.com,catchup,,1257013800,1454520360, 42,1541828431000,Friend,14,,,,"[ { ""year"": ""2016"",""month"": ""2"", ""dayofweek"": ""3"", ""hour"": ""17"", ""count"": "" 42"" }]",,https://forum.exetools.com/member.php?u=34953
chaplja,forum.exetools.com,catchup,,0,1456171080, n/a,1541828431000,,,,,,"[ { ""year"": ""2016"",""month"": ""2"", ""dayofweek"": ""22"", ""hour"": ""19"", ""count"": "" n/a"" }]",,
robotics0,forum.exetools.com,catchup,,1462041000,1463819640, 6,1541828431000,Friend,0,,,,"[ { ""year"": ""2016"",""month"": ""5"", ""dayofweek"": ""21"", ""hour"": ""8"", ""count"": "" 6"" }]",,https://forum.exetools.com/member.php?u=37099
tusk,forum.exetools.com,catchup,,1464719400,1467055080, 20,1541828431000,Friend,0,,,,"[ { ""year"": ""2016"",""month"": ""6"", ""dayofweek"": ""27"", ""hour"": ""19"", ""count"": "" 20"" }]",,https://forum.exetools.com/member.php?u=37137
blgmh13,forum.exetools.com,catchup,,0,1467151500, n/a,1541828431000,,,,,,"[ { ""year"": ""2016"",""month"": ""6"", ""dayofweek"": ""28"", ""hour"": ""22"", ""count"": "" n/a"" }]",,
Upz,forum.exetools.com,catchup,,1467311400,1467507240, 8,1541828431000,Friend,0,,,,"[ { ""year"": ""2016"",""month"": ""7"", ""dayofweek"": ""3"", ""hour"": ""0"", ""count"": "" 8"" }]",,https://forum.exetools.com/member.php?u=37152
zombi3,forum.exetools.com,catchup,,0,1467739380, n/a,1541828431000,,,,,,"[ { ""year"": ""2016"",""month"": ""7"", ""dayofweek"": ""5"", ""hour"": ""17"", ""count"": "" n/a"" }]",,
YuqseLx,forum.exetools.com,catchup,,1451586600,1467973620, 8,1541828431000,Friend,0,,,,"[ { ""year"": ""2016"",""month"": ""7"", ""dayofweek"": ""8"", ""hour"": ""10"", ""count"": "" 8"" }]",,https://forum.exetools.com/member.php?u=36826
runio,forum.exetools.com,catchup,,1467311400,1468467060, 9,1541828431000,Friend,0,,,,"[ { ""year"": ""2016"",""month"": ""7"", ""dayofweek"": ""14"", ""hour"": ""3"", ""count"": "" 9"" }]",,https://forum.exetools.com/member.php?u=37177
Alucard,forum.exetools.com,catchup,,1467311400,1468554180, 2,1541828431000,Friend,0,,,,"[ { ""year"": ""2016"",""month"": ""7"", ""dayofweek"": ""15"", ""hour"": ""3"", ""count"": "" 2"" }]",,https://forum.exetools.com/member.php?u=37178
tantabus,forum.exetools.com,catchup,,0,1469013540, n/a,1541828431000,,,,,,"[ { ""year"": ""2016"",""month"": ""7"", ""dayofweek"": ""20"", ""hour"": ""11"", ""count"": "" n/a"" }]",,
SKiLLa,forum.exetools.com,catchup,,1467311400,1469652900, 29,1541828432000,Friend,0,,,,"[ { ""year"": ""2016"",""month"": ""7"", ""dayofweek"": ""27"", ""hour"": ""20"", ""count"": "" 29"" }]",,https://forum.exetools.com/member.php?u=37170
universalboy,forum.exetools.com,catchup,,1467311400,1469659800, 2,1541828432000,Friend,0,,,,"[ { ""year"": ""2016"",""month"": ""7"", ""dayofweek"": ""27"", ""hour"": ""22"", ""count"": "" 2"" }]",,https://forum.exetools.com/member.php?u=37180
Volitch,forum.exetools.com,catchup,,0,1469705820, n/a,1541828432000,,,,,,"[ { ""year"": ""2016"",""month"": ""7"", ""dayofweek"": ""28"", ""hour"": ""11"", ""count"": "" n/a"" }]",,
WorldCrackersUnited,forum.exetools.com,catchup,,1433097000,1469875560, 3,1541828432000,Friend,0,,,,"[ { ""year"": ""2016"",""month"": ""7"", ""dayofweek"": ""30"", ""hour"": ""10"", ""count"": "" 3"" }]",,https://forum.exetools.com/member.php?u=36801
lahma,forum.exetools.com,catchup,,1467311400,1470034860, 6,1541828432000,Friend,,,,,"[ { ""year"": ""2016"",""month"": ""8"", ""dayofweek"": ""1"", ""hour"": ""7"", ""count"": "" 6"" }]",,https://forum.exetools.com/member.php?u=37187
Cryo,forum.exetools.com,catchup,,1472668200,1472856960, 7,1541828432000,Friend,0,,,,"[ { ""year"": ""2016"",""month"": ""9"", ""dayofweek"": ""2"", ""hour"": ""22"", ""count"": "" 7"" }]",,https://forum.exetools.com/member.php?u=37217
t3xc0d3,forum.exetools.com,catchup,,1475260200,1477057140, 9,1541828432000,Friend,4,,,,"[ { ""year"": ""2016"",""month"": ""10"", ""dayofweek"": ""21"", ""hour"": ""13"", ""count"": "" 9"" }]",,https://forum.exetools.com/member.php?u=37225
bongos_man,forum.exetools.com,catchup,,1469989800,1477265880, 21,1541828432000,Friend,4,,,,"[ { ""year"": ""2016"",""month"": ""10"", ""dayofweek"": ""23"", ""hour"": ""23"", ""count"": "" 21"" }]",,https://forum.exetools.com/member.php?u=37207
Extern,forum.exetools.com,catchup,,0,1479554040, n/a,1541828432000,,,,,,"[ { ""year"": ""2016"",""month"": ""11"", ""dayofweek"": ""19"", ""hour"": ""11"", ""count"": "" n/a"" }]",,
lowtec,forum.exetools.com,catchup,,1480530600,1480995480, 10,1541828432000,Friend,0,,,,"[ { ""year"": ""2016"",""month"": ""12"", ""dayofweek"": ""6"", ""hour"": ""3"", ""count"": "" 10"" }]",,https://forum.exetools.com/member.php?u=37238
schrodyn,forum.exetools.com,catchup,,1480530600,1481454420, 10,1541828432000,Friend,0,,,,"[ { ""year"": ""2016"",""month"": ""12"", ""dayofweek"": ""11"", ""hour"": ""11"", ""count"": "" 10"" }]",,https://forum.exetools.com/member.php?u=37247
IceSickle,forum.exetools.com,catchup,,0,1483832940, n/a,1541828432000,,,,,,"[ { ""year"": ""2017"",""month"": ""1"", ""dayofweek"": ""7"", ""hour"": ""23"", ""count"": "" n/a"" }]",,
kronicd,forum.exetools.com,catchup,,1483209000,1484626020, 2,1541828432000,Friend,0,,,,"[ { ""year"": ""2017"",""month"": ""1"", ""dayofweek"": ""17"", ""hour"": ""4"", ""count"": "" 2"" }]",,https://forum.exetools.com/member.php?u=37263
mrfearless,forum.exetools.com,catchup,,1483209000,1485011580, 5,1541828433000,Friend,5,,,,"[ { ""year"": ""2017"",""month"": ""1"", ""dayofweek"": ""21"", ""hour"": ""15"", ""count"": "" 5"" }]",,https://forum.exetools.com/member.php?u=37266
nixu,forum.exetools.com,catchup,,1483209000,1485448920, 5,1541828434000,Friend,0,,,,"[ { ""year"": ""2017"",""month"": ""1"", ""dayofweek"": ""26"", ""hour"": ""16"", ""count"": "" 5"" }]",,https://forum.exetools.com/member.php?u=37268
H4vC,forum.exetools.com,catchup,,1483209000,1485452340, 29,1541828434000,Friend,,,,,"[ { ""year"": ""2017"",""month"": ""1"", ""dayofweek"": ""26"", ""hour"": ""17"", ""count"": "" 29"" }]",,https://forum.exetools.com/member.php?u=37267
foil,forum.exetools.com,catchup,,1485887400,1486354560, 9,1541828434000,Friend,0,,,,"[ { ""year"": ""2017"",""month"": ""2"", ""dayofweek"": ""6"", ""hour"": ""4"", ""count"": "" 9"" }]",,https://forum.exetools.com/member.php?u=37270
Elesty,forum.exetools.com,catchup,,1485887400,1486354620, 9,1541828434000,Friend,0,,,,"[ { ""year"": ""2017"",""month"": ""2"", ""dayofweek"": ""6"", ""hour"": ""4"", ""count"": "" 9"" }]",,https://forum.exetools.com/member.php?u=37269
StaticReturn,forum.exetools.com,catchup,,1490985000,1491896400, 3,1541828434000,Friend,0,,,,"[ { ""year"": ""2017"",""month"": ""4"", ""dayofweek"": ""11"", ""hour"": ""7"", ""count"": "" 3"" }]",,https://forum.exetools.com/member.php?u=37294
Sterling0x1,forum.exetools.com,catchup,,1493577000,1494497160, 7,1541828434000,Friend,,,,,"[ { ""year"": ""2017"",""month"": ""5"", ""dayofweek"": ""11"", ""hour"": ""10"", ""count"": "" 7"" }]",,https://forum.exetools.com/member.php?u=37302
c0rin,forum.exetools.com,catchup,,1490985000,1495111560, 2,1541828434000,Friend,0,,,,"[ { ""year"": ""2017"",""month"": ""5"", ""dayofweek"": ""18"", ""hour"": ""12"", ""count"": "" 2"" }]",,https://forum.exetools.com/member.php?u=37297
cgrs,forum.exetools.com,catchup,,1493577000,1495298040, 3,1541828434000,Friend,0,,,,"[ { ""year"": ""2017"",""month"": ""5"", ""dayofweek"": ""20"", ""hour"": ""16"", ""count"": "" 3"" }]",,https://forum.exetools.com/member.php?u=37306
trellis,forum.exetools.com,catchup,,1493577000,1496140200, 2,1541828434000,Friend,0,,,,"[ { ""year"": ""2017"",""month"": ""5"", ""dayofweek"": ""30"", ""hour"": ""10"", ""count"": "" 2"" }]",,https://forum.exetools.com/member.php?u=37310
Yelawolf,forum.exetools.com,catchup,,1496255400,1497109200, 4,1541828434000,Friend,0,,,,"[ { ""year"": ""2017"",""month"": ""6"", ""dayofweek"": ""10"", ""hour"": ""15"", ""count"": "" 4"" }]",,https://forum.exetools.com/member.php?u=37316
zeffy,forum.exetools.com,catchup,,1498847400,1499326920, 14,1541828434000,Friend,3,,,,"[ { ""year"": ""2017"",""month"": ""7"", ""dayofweek"": ""6"", ""hour"": ""7"", ""count"": "" 14"" }]",,https://forum.exetools.com/member.php?u=37318
RiRye,forum.exetools.com,catchup,,1488306600,1500508560, 11,1541828434000,Friend,0,,,,"[ { ""year"": ""2017"",""month"": ""7"", ""dayofweek"": ""19"", ""hour"": ""23"", ""count"": "" 11"" }]",,https://forum.exetools.com/member.php?u=37288
lowlyw,forum.exetools.com,catchup,,1504204200,1505615280, 1,1541828434000,Friend,0,,,,"[ { ""year"": ""2017"",""month"": ""9"", ""dayofweek"": ""17"", ""hour"": ""2"", ""count"": "" 1"" }]",,https://forum.exetools.com/member.php?u=37339
tcsh,forum.exetools.com,catchup,,1509474600,1509626460, 1,1541828436000,Friend,0,,,,"[ { ""year"": ""2017"",""month"": ""11"", ""dayofweek"": ""2"", ""hour"": ""12"", ""count"": "" 1"" }]",,https://forum.exetools.com/member.php?u=37373
Dicypher,forum.exetools.com,catchup,,1509474600,1511427360, 2,1541828436000,Friend,,,,,"[ { ""year"": ""2017"",""month"": ""11"", ""dayofweek"": ""23"", ""hour"": ""8"", ""count"": "" 2"" }]",,https://forum.exetools.com/member.php?u=37385
ilikenwf,forum.exetools.com,catchup,,1512066600,1513568880, 3,1541828436000,Friend,0,,,,"[ { ""year"": ""2017"",""month"": ""12"", ""dayofweek"": ""18"", ""hour"": ""3"", ""count"": "" 3"" }]",,https://forum.exetools.com/member.php?u=37404
Zeokat,forum.exetools.com,catchup,,1512066600,1514004360, 8,1541828436000,Friend,0,,,,"[ { ""year"": ""2017"",""month"": ""12"", ""dayofweek"": ""23"", ""hour"": ""4"", ""count"": "" 8"" }]",,https://forum.exetools.com/member.php?u=37409
unknownqx,forum.exetools.com,catchup,,1514745000,1515178620, 1,1541828436000,Friend,0,,,,"[ { ""year"": ""2018"",""month"": ""1"", ""dayofweek"": ""5"", ""hour"": ""18"", ""count"": "" 1"" }]",,https://forum.exetools.com/member.php?u=37414
Antitrack,forum.exetools.com,catchup,,1514745000,1516804380, 2,1541828436000,Friend,0,,,,"[ { ""year"": ""2018"",""month"": ""1"", ""dayofweek"": ""24"", ""hour"": ""14"", ""count"": "" 2"" }]",,https://forum.exetools.com/member.php?u=37425
Agmcz,forum.exetools.com,catchup,,1519842600,1520455980, 15,1541828436000,Friend,4,,,,"[ { ""year"": ""2018"",""month"": ""3"", ""dayofweek"": ""7"", ""hour"": ""20"", ""count"": "" 15"" }]",,https://forum.exetools.com/member.php?u=37456
dj-siba,forum.exetools.com,catchup,,1054405800,1520518800, 318,1541828436000,Musician Member,43,,,,"[ { ""year"": ""2018"",""month"": ""3"", ""dayofweek"": ""8"", ""hour"": ""14"", ""count"": "" 318"" }]",,https://forum.exetools.com/member.php?u=8989
0xall0c,forum.exetools.com,catchup,,1519842600,1521213180, 23,1541828436000,Friend,2,,,,"[ { ""year"": ""2018"",""month"": ""3"", ""dayofweek"": ""16"", ""hour"": ""15"", ""count"": "" 23"" }]",,https://forum.exetools.com/member.php?u=37463
seaking,forum.exetools.com,catchup,,1519842600,1522074180, 1,1541828436000,Friend,0,,,,"[ { ""year"": ""2018"",""month"": ""3"", ""dayofweek"": ""26"", ""hour"": ""14"", ""count"": "" 1"" }]",,https://forum.exetools.com/member.php?u=37468
dosprog,forum.exetools.com,catchup,,1517423400,1526006040, 60,1541828437000,Friend,7,,,,"[ { ""year"": ""2018"",""month"": ""5"", ""dayofweek"": ""11"", ""hour"": ""2"", ""count"": "" 60"" }]",,https://forum.exetools.com/member.php?u=37439
kallegaul,forum.exetools.com,catchup,,1522521000,1523377320, 2,1541828437000,Friend,0,,,,"[ { ""year"": ""2018"",""month"": ""4"", ""dayofweek"": ""10"", ""hour"": ""16"", ""count"": "" 2"" }]",,https://forum.exetools.com/member.php?u=37482
birt,forum.exetools.com,catchup,,1522521000,1525988340, 3,1541828437000,Friend,0,,,,"[ { ""year"": ""2018"",""month"": ""5"", ""dayofweek"": ""10"", ""hour"": ""21"", ""count"": "" 3"" }]",,https://forum.exetools.com/member.php?u=37489
x000x,forum.exetools.com,catchup,,1522521000,1525134780, 4,1541828437000,Friend,0,,,,"[ { ""year"": ""2018"",""month"": ""5"", ""dayofweek"": ""1"", ""hour"": ""0"", ""count"": "" 4"" }]",,https://forum.exetools.com/member.php?u=37494
Crudd[RET],forum.exetools.com,catchup,,1091298600,1525838640, 28,1541828437000,Friend,0,,,,"[ { ""year"": ""2018"",""month"": ""5"", ""dayofweek"": ""9"", ""hour"": ""4"", ""count"": "" 28"" }]",,https://forum.exetools.com/member.php?u=15542
bytewolf,forum.exetools.com,catchup,,1527791400,1529446620, 1,1541828437000,Friend,0,,,,"[ { ""year"": ""2018"",""month"": ""6"", ""dayofweek"": ""19"", ""hour"": ""22"", ""count"": "" 1"" }]",,https://forum.exetools.com/member.php?u=37525
DavidXanatos,forum.exetools.com,catchup,,1527791400,1530224700, 19,1541828437000,Friend,0,,,,"[ { ""year"": ""2018"",""month"": ""6"", ""dayofweek"": ""28"", ""hour"": ""22"", ""count"": "" 19"" }]",,https://forum.exetools.com/member.php?u=37528
nir,forum.exetools.com,catchup,,1530383400,1532089260, 3,1541828437000,Friend,3,,,,"[ { ""year"": ""2018"",""month"": ""7"", ""dayofweek"": ""20"", ""hour"": ""12"", ""count"": "" 3"" }]",,https://forum.exetools.com/member.php?u=37551
icscrew,forum.exetools.com,catchup,,1533061800,1534127340, 1,1541828437000,Friend,0,,,,"[ { ""year"": ""2018"",""month"": ""8"", ""dayofweek"": ""13"", ""hour"": ""2"", ""count"": "" 1"" }]",,https://forum.exetools.com/member.php?u=37568
Chuck954,forum.exetools.com,catchup,,1530383400,1534700880, 14,1541828437000,Friend,0,,,,"[ { ""year"": ""2018"",""month"": ""8"", ""dayofweek"": ""19"", ""hour"": ""17"", ""count"": "" 14"" }]",,https://forum.exetools.com/member.php?u=37561
HarrySpoofer,forum.exetools.com,catchup,,1530383400,1534865460, 4,1541828437000,Friend,0,,,,"[ { ""year"": ""2018"",""month"": ""8"", ""dayofweek"": ""21"", ""hour"": ""15"", ""count"": "" 4"" }]",,https://forum.exetools.com/member.php?u=37546
Roy25,forum.exetools.com,catchup,,1535740200,1537349880, 2,1541828438000,Friend,0,,,,"[ { ""year"": ""2018"",""month"": ""9"", ""dayofweek"": ""19"", ""hour"": ""9"", ""count"": "" 2"" }]",,https://forum.exetools.com/member.php?u=37589
freddyk,forum.exetools.com,catchup,,1535740200,1537448400, 1,1541828438000,Friend,0,,,,"[ { ""year"": ""2018"",""month"": ""9"", ""dayofweek"": ""20"", ""hour"": ""13"", ""count"": "" 1"" }]",,https://forum.exetools.com/member.php?u=37585
darknessxk,forum.exetools.com,catchup,,1535740200,1537558320, 1,1541828438000,Friend,0,,,,"[ { ""year"": ""2018"",""month"": ""9"", ""dayofweek"": ""21"", ""hour"": ""19"", ""count"": "" 1"" }]",,https://forum.exetools.com/member.php?u=37595
wild,forum.exetools.com,catchup,,1506796200,1539246780, 7,1541828438000,Friend,0,,,,"[ { ""year"": ""2018"",""month"": ""10"", ""dayofweek"": ""11"", ""hour"": ""8"", ""count"": "" 7"" }]",,https://forum.exetools.com/member.php?u=37362
